indicator,percentile,threshold,correlation_type,correlation_value,bull_return,bull_excess,bull_sharpe,bear_return,bear_excess,bear_sharpe,sideways_return,sideways_excess,sideways_sharpe,avg_excess,min_excess,max_rank_ic,max_pearson_ic
us_spot_etf_balances_all,40,158175.08031601203,negative,-0.162026027693978,0.023230280651075352,0.7290673923988422,0.21381254361300187,,,,0.28510915276320725,0.39359840437750837,1.7885948826108649,0.5613328983881753,0.39359840437750837,0.6644359619771864,0.7961353180982196
balance_vaneck,30,10379.53762055,negative,-0.11552721267091338,0.003347942749637678,0.7091850544974045,0.10046560719596485,,,,0.1679392821995067,0.27642853381380783,1.507473309385333,0.4928067941556062,0.27642853381380783,0.469442880220793,0.5721330834409873
gini_capacity_distribution,70,0.9675267316114405,positive,0.15629366118484023,0.016001609465365885,0.7218387212131328,0.17985294880143546,0.592196087205501,-0.07812273727913976,1.1975347742264628,0.34219876772512925,0.45068801933943037,1.6327181976821472,0.36480133442447443,-0.07812273727913976,0.6589709528677978,0.5128421529401561
gini_capacity_distribution,85,0.9697396611958766,positive,0.15629366118484023,0.0051682498306528935,0.7110053615784198,0.10481552012556317,0.8027486286307604,0.1324298041461196,1.6476122849178874,0.052393884942178115,0.16088313655647923,1.0561945060917883,0.3347727674270062,0.1324298041461196,0.6589709528677978,0.5128421529401561
node_connectivity,50,4212.0,negative,-0.12327712952742294,0.023065657939972617,0.7289027696877395,0.21341151600586547,0.5044638016478262,-0.16585502283681453,1.0212092063309168,0.1665169856492854,0.27500623726358653,0.7800117810185323,0.2793513280381705,-0.16585502283681453,0.38698062312983583,0.34087701744541593
gini_capacity_distribution,50,0.9614185489611106,positive,0.15629366118484023,0.025137795613247693,0.7309749073610146,0.22273473838132232,0.5044638016478262,-0.16585502283681453,1.0212092063309168,0.14260777531756874,0.25109702693186986,0.6891344700909934,0.27207230381868996,-0.16585502283681453,0.6589709528677978,0.5128421529401561
active_2y_3y,91,2856492.003001839,positive,0.05809437753491888,0.03332796188878473,0.7391650736365516,0.3918613954257802,0.3035385959131116,-0.36678022857152914,1.1446274083915504,0.27730901748854375,0.38579826910284487,0.8560023052452486,0.25272770472262246,-0.36678022857152914,0.5219137910935047,0.4258153806166293
btc_dominance,70,56.7878889616471,positive,0.1912597273001494,0.06364685935193504,0.7694839710997019,0.4110172396650967,0.21485817580337963,-0.4554606486812611,0.6398202463881413,0.3324981991857632,0.4409874508000643,1.0229340730689882,0.2516702577395017,-0.4554606486812611,0.4726789307552527,0.5029471787424185
active_2y_3y,93,2953685.868978289,positive,0.05809437753491888,0.003921898210251351,0.7097590099580182,0.09267104556777632,0.28253680232606815,-0.3877820221585726,1.2126003449946472,0.3012572538353018,0.4097465054496029,0.9093412157846041,0.24390783108301617,-0.3877820221585726,0.5219137910935047,0.4258153806166293
balance_bhutan_government,40,2384.4594376000005,positive,0.10060342980080529,0.007242251951882883,0.7130793636996497,0.18234648500296907,0.5044638016478258,-0.16585502283681497,1.021209206330915,0.06113440940890835,0.16962366102320947,0.3545142966131397,0.23894933396201476,-0.16585502283681497,0.48419475712089144,0.4892650685895824
btc_sharpe_signal,70,0.580284490897147,positive,0.12748549404516896,0.06511966135555336,0.7709567731033202,0.3857393858721895,0.362962482373536,-0.30735634211110474,0.8233384301111248,0.1445742417460456,0.2530634933603467,0.5249709262636878,0.2388879747841874,-0.30735634211110474,0.2517641980863953,0.3835411195891439
txs_value_distribution,70,1438.6786639968884,negative,-0.05814228703407318,0.028861732892661696,0.7346988446404286,0.2448681678925102,0.3756542453894718,-0.29466457909516897,0.9591534136720262,0.15875450324371987,0.267243754858021,0.7568985246708361,0.23575934013442687,-0.29466457909516897,0.2187448190737664,0.31445269392632186
txs_value_sum,70,12948.107975972,negative,-0.05814228703407319,0.028861732892661696,0.7346988446404286,0.2448681678925102,0.3756542453894718,-0.29466457909516897,0.9591534136720262,0.15875450324371987,0.267243754858021,0.7568985246708361,0.23575934013442687,-0.29466457909516897,0.2187448190737664,0.31445269392632186
gini_capacity_distribution,60,0.9630361295978083,positive,0.15629366118484023,0.06919294128705711,0.775030053034824,0.4709792308939783,0.30448369108180584,-0.3658351334028349,0.7778776689247817,0.17996388376076555,0.28845313537506667,0.8351513577446636,0.23254935166901858,-0.3658351334028349,0.6589709528677978,0.5128421529401561
options_25delta_skew_1_week,30,-0.007712464805792333,negative,-0.023834415850776756,0.050519924494653035,0.7563570362424199,0.3364753083537043,0.4632525467958153,-0.20706627768882546,1.0787435950219022,0.014656696113588774,0.12314594772788989,0.21359858830762357,0.22414556876049477,-0.20706627768882546,0.251456088472215,0.2558842783556254
active_2y_3y,92,2882168.888637098,positive,0.05809437753491888,0.02692045683048927,0.7327575685782561,0.3290285013359994,0.22141102144479063,-0.4489078030398501,0.9437197818940234,0.277309017488544,0.3857982691028451,0.8560023052452497,0.2232160115470837,-0.4489078030398501,0.5219137910935047,0.4258153806166293
active_2y_3y,95,3020444.656498868,positive,0.05809437753491888,0.008177540843242515,0.7140146525910094,0.36641068864649046,0.26503039418864516,-0.4052884302959956,1.2733757759730489,0.2508942301553192,0.3593834817696203,0.8414153227856506,0.22270323468821138,-0.4052884302959956,0.5219137910935047,0.4258153806166293
active_2y_3y,94,2984305.870676692,positive,0.05809437753491888,0.004434890051424167,0.710272001799191,0.10152496167695532,0.2869977279295064,-0.38332109655513436,1.2799544844303234,0.23088180527214064,0.33937105688644176,0.7622148678160762,0.22210732071016615,-0.38332109655513436,0.5219137910935047,0.4258153806166293
purpose_etf_flows_sum,30,-6.637428000001819,negative,-0.0134183709611166,0.031074345314167084,0.736911457061934,0.27166377537522796,0.40983290371386727,-0.2604859207707735,1.9661036419624822,0.0772104685420949,0.18569972015639602,0.4526989445270044,0.22070841881585215,-0.2604859207707735,0.22697297056059787,0.04399821402491792
balance_wbtc,10,563.3309954,negative,-0.09795717679472137,0.02435303612701789,0.7301901478747848,0.3634071727052652,0.3448541935843401,-0.32546463090030064,1.0425359413634272,0.13159233947731508,0.2400815910916162,1.0569231345439027,0.2149357026887001,-0.32546463090030064,0.5660290479659089,0.5663201287172595
network_capacity_sum,80,4991.79116769,positive,0.005875246701790462,0.03980889754605932,0.7456460092938262,0.4317583017782017,0.3216931776954708,-0.34862564678916996,1.0258503714821625,0.13747658817743558,0.2459658397917367,0.5114746453238093,0.21432873409879763,-0.34862564678916996,0.20947799876651954,0.0981534073191179
balance_wbtc,9,549.65357276,negative,-0.09795717679472137,0.023066963051548095,0.728904074799315,0.4337344682014695,0.34288378580655854,-0.3274350386780822,1.0772286737584646,0.13159233947731552,0.24008159109161664,1.0569231345439052,0.2138502090709498,-0.3274350386780822,0.5660290479659089,0.5663201287172595
active_2y_3y,90,2833165.6653675353,positive,0.05809437753491888,0.029169636438799884,0.7350067481865667,0.347441013776483,0.18920696233951784,-0.4811118621451229,0.7654436376844163,0.27730901748854353,0.38579826910284465,0.8560023052452481,0.21323105171476284,-0.4811118621451229,0.5219137910935047,0.4258153806166293
stock_to_flow_deflection,5,0.09181477833894416,negative,-0.059679262531417976,0.011039324345082369,0.7168764360928492,0.15908106431246474,0.0265365905877315,-0.6437822338969093,0.720543648125706,0.42150632803281196,0.5299955796471131,1.2658954379641965,0.20102992728101768,-0.6437822338969093,0.2313144248501871,0.21543254427497907
options_open_interest_put_call_ratio,9,0.4381470135063291,negative,-0.07753012199421662,0.06231552472579538,0.7681526364735622,0.3784608910214306,0.3433212416168978,-0.32699758286774294,1.4068906933650165,0.03791265525623544,0.14640190687053656,0.36590387791710527,0.1958523201587853,-0.32699758286774294,0.4424421122445715,0.46573712387912797
btc_dominance,90,62.376995147711,positive,0.1912597273001494,0.019012521382277603,0.7248496331300445,0.25504816007498915,0.2251106988362921,-0.44520812564834866,0.790465750180689,0.14905950034054793,0.25754875195484905,1.4065533093705285,0.17906341981218163,-0.44520812564834866,0.4726789307552527,0.5029471787424185
options_atm_implied_volatility_3_months,40,56.91039064649143,negative,-0.06118480236936923,0.02453519509551172,0.7303723068432786,0.22907727490093063,0.3091890151258312,-0.36112980935880956,0.8107508244401747,0.05613355091252292,0.16462280252682404,0.3429157335922937,0.17795510000376435,-0.36112980935880956,0.8231563099924084,0.7921291733345761
stock_to_flow_deflection,8,0.15307350798148747,negative,-0.059679262531417976,0.009588749184976875,0.7154258609327437,0.16431811939558935,0.11896998284609683,-0.5513488416385439,1.193086368020777,0.2585210230732131,0.36701027468751424,0.8287847018162287,0.17702909799390468,-0.5513488416385439,0.2313144248501871,0.21543254427497907
balance_grayscale_trust,85,648065.6173848,positive,0.03717627703704148,0.028280691379308998,0.7341178031270759,0.27009015275759424,0.21575370956410778,-0.454565114920533,0.804580898261215,0.14247471166821257,0.2509639632825137,0.5263511221353883,0.17683888382968552,-0.454565114920533,0.3844750385287176,0.3652272919274581
stock_to_flow_deflection,9,0.16237815639846667,negative,-0.059679262531417976,0.008508061345937179,0.714345173093704,0.16059218742230255,0.08868758065240723,-0.5816312438322335,0.7808053621863303,0.2775829426951133,0.3860721943094144,0.8525226410713879,0.17292870785696166,-0.5816312438322335,0.2313144248501871,0.21543254427497907
stock_to_flow_deflection,6,0.10415308103351688,negative,-0.059679262531417976,0.008953395980577872,0.7147905077283447,0.15201392107614772,0.04205972569538918,-0.6282590987892516,0.7453301854670656,0.3163913402365508,0.4248805918508519,0.9703705947355018,0.1704706669299817,-0.6282590987892516,0.2313144248501871,0.21543254427497907
balance_bhutan_government,80,11725.24012294,positive,0.10060342980080529,0.05069215510307168,0.7565292668508385,0.32946403269961316,0.2573585938546863,-0.41296023062995446,0.8472116085646516,0.05259402659496004,0.16108327820926116,0.3191432692835051,0.16821743814338175,-0.41296023062995446,0.48419475712089144,0.4892650685895824
btc_dominance,80,59.7018,positive,0.1912597273001494,0.019059577987498244,0.7248966897352651,0.20532559682397186,0.12075780133851821,-0.5495610231461225,0.47781518150619967,0.19440629600685333,0.30289554762115445,0.842568321430094,0.15941040473676568,-0.5495610231461225,0.4726789307552527,0.5029471787424185
sopr_by_age,40,38.901605379697834,negative,-0.021583400630360614,0.0394271843281635,0.7452642960759304,0.2792199757004688,0.117911126582535,-0.5524076979021058,0.5046142871826204,0.17250876210627708,0.2809980137205782,0.6085929781176904,0.15795153729813427,-0.5524076979021058,0.5152186663932101,0.21773368733670947
exchanges_relative,30,0.09023153804069167,negative,-0.14053214942342432,0.07508114081151174,0.7809182525592786,0.4067134831796287,0.16744490692644076,-0.5028739175582,0.6056630519280543,0.08718170186982288,0.195670953484124,0.4108434727643831,0.1579050961617342,-0.5028739175582,0.6427587015665566,0.5540965382884799
options_atm_implied_volatility_6_months,40,59.16369025652747,negative,-0.07029761035146423,0.009338621721006746,0.7151757334687736,0.18053873191079964,0.20678916148703008,-0.46352966299761067,0.6338616837381901,0.11257377788142531,0.22106302949572643,0.4593646887621153,0.1575696999889631,-0.46352966299761067,0.8268201750757924,0.8077044519968647
options_volume_put_call_ratio,20,0.527253791529293,negative,-0.03871307968725928,0.007183516660111078,0.7130206284078779,0.11899898233204137,0.27604738402555395,-0.3942714404590868,0.8768898983992528,0.03947050966257826,0.14795976127687938,0.32883779237780014,0.15556964974189016,-0.3942714404590868,0.2341545155742571,0.20850351991155697
stock_to_flow_deflection,10,0.17921573202317626,negative,-0.059679262531417976,0.014224170630690924,0.7200612823784578,0.1834162417177499,0.10231081833186861,-0.5680080061527721,0.8367088849205944,0.19854938569681502,0.30703863731111614,0.6657599638877724,0.1530306378456006,-0.5680080061527721,0.2313144248501871,0.21543254427497907
svl_entity_adjusted_1y_2y,93,6417.7325454273005,positive,0.09410083093809381,0.0009503285169671916,0.7067874402647341,0.08338394977408478,0.03503426981062163,-0.6352845546740191,0.3492821785045526,0.2774361845025688,0.3859254361168699,1.6296196683919235,0.1524761072358616,-0.6352845546740191,0.21995005344059396,0.11391582636360649
options_open_interest_put_call_ratio,8,0.4350108070902934,negative,-0.07753012199421662,0.06231552472579538,0.7681526364735622,0.3784608910214306,0.21053276160887413,-0.4597860628757666,1.1032663287486217,0.03791265525623544,0.14640190687053656,0.36590387791710527,0.15158949348944406,-0.4597860628757666,0.4424421122445715,0.46573712387912797
options_volume_put_call_ratio,7,0.43800115667589684,negative,-0.03871307968725928,0.014527666377849968,0.7203647781256168,0.31328420733800555,0.2419192668660608,-0.42839955761857995,1.0647788941456153,0.05359877563460902,0.16208802724891014,0.8567194657121912,0.15135108258531568,-0.42839955761857995,0.2341545155742571,0.20850351991155697
balance_grayscale_trust,91,653905.37538379,positive,0.03717627703704148,0.0527755826398717,0.7586126943876386,0.4490599340693353,0.0953013288585729,-0.5750174956260679,0.5647248564655681,0.15689462831096623,0.26538387992526735,0.5585212955233492,0.14965969289561268,-0.5750174956260679,0.3844750385287176,0.3652272919274581
balance_bhutan_government,85,12372.2771847705,positive,0.10060342980080529,0.05069215510307168,0.7565292668508385,0.32946403269961316,0.1401324337278418,-0.530186390756799,0.5694429165492882,0.11243566606254762,0.22092491767684874,0.5063806838940117,0.14908926459029612,-0.530186390756799,0.48419475712089144,0.4892650685895824
balance_grayscale_trust,92,654878.9350509509,positive,0.03717627703704148,0.0527755826398717,0.7586126943876386,0.4490599340693353,0.08917493939948473,-0.581143885085156,0.574326101350973,0.15689462831096623,0.26538387992526735,0.5585212955233492,0.14761756307591664,-0.581143885085156,0.3844750385287176,0.3652272919274581
transfers_between_exchanges_count,8,2891.2799999999997,negative,-0.07113469091287908,0.00760542404626352,0.7134425357940304,0.16003311053438046,0.017126602886612607,-0.6531922215980281,0.4340223404492941,0.27330520857068374,0.38179446018498486,1.056644637832151,0.1473482581269957,-0.6531922215980281,0.6592440686582814,0.4877578939073319
options_volume_put_call_ratio,10,0.4674740250869211,negative,-0.03871307968725928,0.007998273784309173,0.713835385532076,0.15032045675047312,0.2536940850350846,-0.41662473944955614,1.0364769631166433,0.03586739801738181,0.14435664963168293,0.5453250441870711,0.14718909857140094,-0.41662473944955614,0.2341545155742571,0.20850351991155697
txs_value_distribution,40,565.9078303364445,negative,-0.05814228703407318,0.003902313432404103,0.709739425180171,0.11793741917699395,0.254242438424924,-0.41607638605971675,0.8427072720831071,0.039360984961287704,0.14785023657558882,0.37891156771885315,0.14717109189868102,-0.41607638605971675,0.2187448190737664,0.31445269392632186
txs_value_sum,40,5093.170473028001,negative,-0.05814228703407319,0.003902313432404103,0.709739425180171,0.11793741917699395,0.254242438424924,-0.41607638605971675,0.8427072720831071,0.039360984961287704,0.14785023657558882,0.37891156771885315,0.14717109189868102,-0.41607638605971675,0.2187448190737664,0.31445269392632186
balance_grayscale_trust,90,652367.43169817,positive,0.03717627703704148,0.0527755826398717,0.7586126943876386,0.4490599340693353,0.08254308624588824,-0.5877757382387525,0.49793790383861325,0.15689462831096623,0.26538387992526735,0.5585212955233492,0.14540694535805113,-0.5877757382387525,0.3844750385287176,0.3652272919274581
svl_entity_adjusted_1y_2y,92,5944.836471032405,positive,0.09410083093809381,0.005591301949240179,0.711428413697007,0.3224462388026158,0.059597610674301915,-0.6107212138103388,0.5348132204928812,0.22499673716541713,0.33348598877971825,1.2977065450190297,0.14473106288879548,-0.6107212138103388,0.21995005344059396,0.11391582636360649
active_2y_3y,85,2656391.9785270817,positive,0.05809437753491888,0.036383676021805034,0.7422207877695719,0.29422160334285674,0.12914077560848813,-0.5411780488761526,0.5415728519795332,0.12238215652137163,0.23087140813567275,0.49007351250624365,0.14397138234303067,-0.5411780488761526,0.5219137910935047,0.4258153806166293
revived_more_1y_sum,95,23280.203947009486,positive,0.08583652273236086,0.0028370286981724835,0.7086741404459393,0.2956673962283604,0.12862185581127994,-0.5416969686733608,1.051689485561263,0.15512808845154735,0.26361734006584847,1.292190039304842,0.14353150394614234,-0.5416969686733608,0.15936744579046092,0.11552855438736762
balance_exchanges,10,1664480.158427429,negative,-0.1334140507368331,0.01885276758422516,0.724689879331992,0.32018355598982334,0.17514473094741145,-0.4951740935372293,0.6691431620946197,0.08952462703188657,0.1980138786461877,0.5164842249451113,0.14250988814698348,-0.4951740935372293,0.34382295124356066,0.5070452886250663
balance_tether_treasury,20,0.03647267200000003,negative,-0.052481735360861925,0.011638724600008477,0.7174758363477753,0.17690424431447319,0.024909195306994425,-0.6454096291776463,0.35108998475671516,0.24577312460858813,0.35426237622288925,0.8266624624954879,0.14210952779767275,-0.6454096291776463,0.5711289173289448,0.42408294163298704
options_volume_daily_sum,90,41478.890999999996,positive,0.05109389995314031,0.021744946787428,0.7275820585351949,0.3826355914672121,0.03985165515675293,-0.6304671693278878,0.552469996971869,0.21966522194424032,0.32815447355854144,2.2661362802523337,0.14175645425528283,-0.6304671693278878,0.24279209089234507,0.2598482155428349
balance_grayscale_trust,93,655735.3879952601,positive,0.03717627703704148,0.0527755826398717,0.7586126943876386,0.4490599340693353,0.06984909960004648,-0.6004697248845943,0.5218376750092474,0.15689462831096623,0.26538387992526735,0.5585212955233492,0.14117561647610388,-0.6004697248845943,0.3844750385287176,0.3652272919274581
balance_grayscale_trust,94,656539.689622916,positive,0.03717627703704148,0.0527755826398717,0.7586126943876386,0.4490599340693353,0.06915711943883385,-0.6011617050458069,0.6825472558109372,0.15689462831096623,0.26538387992526735,0.5585212955233492,0.14094495642236635,-0.6011617050458069,0.3844750385287176,0.3652272919274581
balance_exchanges,20,2436369.142026126,negative,-0.1334140507368331,0.0015330449406376623,0.7073701566884045,0.08715135508908624,0.2517892381442923,-0.4185295863403484,0.790140687332713,0.023118568265364514,0.13160781987966563,0.23508237295157983,0.1401494634092406,-0.4185295863403484,0.34382295124356066,0.5070452886250663
block_count,80,160.0,positive,0.017874140958284088,0.020443666043043596,0.7262807777908105,0.21252257046164025,0.10931115660323165,-0.5610076678814091,0.4187502528385868,0.14641031533689408,0.2548995669511952,0.8141799303653274,0.1400575589535322,-0.5610076678814091,0.05939551419117337,0.044091895876090206
options_volume_put_call_ratio,9,0.45701261249144287,negative,-0.03871307968725928,0.004699868432002097,0.710536980179769,0.11699504184298279,0.235300297644232,-0.43501852684040876,0.9771849078734833,0.03586739801738181,0.14435664963168293,0.5453250441870711,0.1399583676570144,-0.43501852684040876,0.2341545155742571,0.20850351991155697
balance_exchanges_all,10,86169.66876931723,negative,-0.1670450794145776,0.024588666617680888,0.7304257783654478,0.4526753357127965,0.1605173707533023,-0.5098014537313384,0.6329721838404951,0.08923505612536942,0.19772430773967054,0.4983799499136175,0.1394495441245933,-0.5098014537313384,0.3933280644858217,0.5579052240591668
channel_size_mean,85,0.08373431025788558,positive,0.03143671789785747,0.05272291213635927,0.7585600238841261,0.6419064873260315,0.10750633716948288,-0.5628124873151579,0.5696585067662063,0.11146855095800978,0.2199578025723109,0.45815887624806706,0.1385684463804264,-0.5628124873151579,0.25828285419118596,0.11325903436116136
hodled_lost_coins,93,8034835.814995855,positive,0.06946399646880141,0.0519462654873708,0.7577833772351377,0.3796704862553205,0.07114083438176433,-0.5991779901028764,0.5180707186965389,0.13465107935720955,0.24314033097151067,0.5200216201158128,0.13391523936792396,-0.5991779901028764,0.5788870658019564,0.5478539382923716
hodled_lost_coins,94,8070719.587981325,positive,0.06946399646880141,0.04124169685854673,0.7470788086063136,0.3221437677306989,0.06943325044958137,-0.6008855740350594,0.6697266024029379,0.13465107935721,0.2431403309715111,0.5200216201158134,0.12977785518092178,-0.6008855740350594,0.5788870658019564,0.5478539382923716
balance_grayscale_trust,95,657437.5098579939,positive,0.03717627703704148,0.0527755826398717,0.7586126943876386,0.4490599340693353,0.03338610900036665,-0.6369327154842741,0.6210120560387283,0.15689462831096623,0.26538387992526735,0.5585212955233492,0.1290212862762106,-0.6369327154842741,0.3844750385287176,0.3652272919274581
options_volume_daily_sum,91,42830.704699999995,positive,0.05109389995314031,0.02005436328569421,0.7258914750334611,0.39649291610131304,0.03985165515675293,-0.6304671693278878,0.552469996971869,0.17905803947227383,0.28754729108657495,1.9700171653856862,0.12765719893071606,-0.6304671693278878,0.24279209089234507,0.2598482155428349
realized_volatility_6_months,6,41.674576200459434,negative,-0.03584439604805395,0.0389101343843099,0.7447472461320768,0.33280480085506875,0.06354556050543714,-0.6067732639792036,0.5338304163077233,0.13465107935720955,0.24314033097151067,0.520021620115813,0.1270381043747946,-0.6067732639792036,0.47160140432846603,0.3381252748163999
realized_volatility_6_months,9,44.98335024120511,negative,-0.03584439604805395,0.007036028835748276,0.7128731405835151,0.133055991610229,0.06892865328904563,-0.6013901711955951,0.5427025353270596,0.16025041033362042,0.26873966194792154,0.5600289126331415,0.12674087711194718,-0.6013901711955951,0.47160140432846603,0.3381252748163999
hodled_lost_coins,95,8172149.767396609,positive,0.06946399646880141,0.0644676627932328,0.7703047745409997,0.47717626196209123,0.03447525644709026,-0.6358435680375505,0.556730620391238,0.13465107935720955,0.24314033097151067,0.520021620115813,0.12586717915831994,-0.6358435680375505,0.5788870658019564,0.5478539382923716
cyd_supply_adjusted,5,145.31211216278862,negative,-0.03276109898177366,0.0602437119633874,0.7660808237111543,0.43632531016198856,0.03795057920884837,-0.6323682452757924,0.6898668879960588,0.13465107935720955,0.24314033097151067,0.5200216201158128,0.12561763646895752,-0.6323682452757924,0.635111228593837,0.3633642424379906
cyd_account_based,5,3211423787.4111533,negative,-0.043667784971084346,0.0602437119633874,0.7660808237111543,0.43632531016198856,0.03795057920884837,-0.6323682452757924,0.6898668879960588,0.13465107935720955,0.24314033097151067,0.5200216201158128,0.12561763646895752,-0.6323682452757924,0.6600899272583157,0.5861655501022132
highly_liquid_sum,9,2414417.151095311,negative,-0.11676878208217623,0.01109576532338652,0.7169328770711534,0.17330082408657474,0.19840840577147234,-0.4719104187131684,0.7787773692666923,0.02281233159608509,0.1313015832103862,0.2374894161009831,0.12544134718945707,-0.4719104187131684,0.3578006626575079,0.5049774349619558
highly_liquid_sum,8,2396477.1024944545,negative,-0.11676878208217623,0.019603126538225712,0.7254402382859926,0.2905910170007926,0.12660968445067056,-0.5437091400339702,0.5676373506185136,0.08599833846678906,0.19448759008109018,0.8505627674222379,0.12540622944437085,-0.5437091400339702,0.3578006626575079,0.5049774349619558
active_more_1y_percent,94,0.6858244866330138,positive,0.010270371940809268,0.05782828879640034,0.7636654005441672,0.5542591219805634,0.03871793646465416,-0.6316008880199866,0.3303077966218691,0.1346510793572102,0.24314033097151133,0.5200216201158123,0.12506828116523064,-0.6316008880199866,0.45116017535503483,0.23838273301479398
cyd,5,2671019189.392375,negative,-0.054468259646144455,0.05439601843770059,0.7602331301854675,0.40369792724938436,0.04186270253392044,-0.6284561219507203,0.7515450125779647,0.13465107935721,0.2431403309715111,0.5200216201158132,0.12497244640208609,-0.6284561219507203,0.7361822810891292,0.48381705503421163
realized_volatility_6_months,5,40.349575327892445,negative,-0.03584439604805395,0.02502338472967125,0.7308604964774381,0.3244986829438079,0.06915711943883385,-0.6011617050458069,0.6825472558109381,0.13465107935721,0.2431403309715111,0.5200216201158129,0.1242797074677141,-0.6011617050458069,0.47160140432846603,0.3381252748163999
hodled_lost_coins,92,7968693.88085479,positive,0.06946399646880141,0.03038826010167428,0.7362253718494411,0.2542284906303067,0.06294434172549646,-0.6073744827591443,0.42160623123810437,0.13465107935720955,0.24314033097151067,0.5200216201158129,0.12399707335393584,-0.6073744827591443,0.5788870658019564,0.5478539382923716
supply_balance_100_1k,91,3489901.719065486,positive,0.09551461248095633,0.026088659553432425,0.7319257713011993,0.26260079038607004,0.10593063040392847,-0.5643881940807123,0.5736213837903609,0.0946715728105969,0.20316082442489802,0.69423428309799,0.123566133881795,-0.5643881940807123,0.3461041533094183,0.4473886614382318
balance_exchanges,9,1638750.2340351148,negative,-0.1334140507368331,0.024588666617680888,0.7304257783654478,0.4526753357127965,0.17020188433797445,-0.5001169401466663,0.661516298847798,0.03176538437191678,0.1402546359862179,0.254347061136212,0.12352115806833312,-0.5001169401466663,0.34382295124356066,0.5070452886250663
active_more_1y_percent,95,0.6864211280793319,positive,0.010270371940809268,0.0018135314999052632,0.7076506432476721,0.059921970016406326,0.08599369853430128,-0.5843251259503395,0.7046630462051622,0.13465107935721043,0.24314033097151155,0.5200216201158139,0.1221552827562814,-0.5843251259503395,0.45116017535503483,0.23838273301479398
transfers_between_exchanges_count,10,3201.8,negative,-0.07113469091287908,0.01579276600796975,0.7216298777557366,0.19758195657928165,0.01587074765513785,-0.6544480768295029,0.33908110274851566,0.18827438599134094,0.29676363760564206,0.7534069215489936,0.12131514617729193,-0.6544480768295029,0.6592440686582814,0.4877578939073319
transfers_to_miners_count,94,903.02,positive,0.010665792059301408,0.01851911034540521,0.7243562220931721,0.4475481834492809,0.03632432869320423,-0.6339944957914365,0.29205092394454374,0.16332073382641643,0.27180998544071755,0.8070205896010652,0.12072390391415104,-0.6339944957914365,0.45492550459889214,0.4759125752358033
transfers_to_miners_count,93,880.19,positive,0.010665792059301408,0.0018100796493822902,0.7076471913971492,0.06032305905307713,0.04865588679218358,-0.6216629376924572,0.3527339413191723,0.16518766710661947,0.2736769187209206,0.7999664092958997,0.11988705747520419,-0.6216629376924572,0.45492550459889214,0.4759125752358033
realized_volatility_6_months,7,43.04297036757665,negative,-0.03584439604805395,0.011659861561974072,0.7174969733097409,0.1524611867253542,0.0689286532890454,-0.6013901711955953,0.5427025353270574,0.13465107935721,0.2431403309715111,0.5200216201158125,0.11974904436188556,-0.6013901711955953,0.47160140432846603,0.3381252748163999
svl_entity_adjusted_more_10y,20,0.0,negative,-0.021352018999597207,0.06144616482808729,0.7672832765758542,0.4503388470822952,0.005720729496209831,-0.6645980949884309,0.12432291201574168,0.14592884282341112,0.25441809443771224,1.188879422149644,0.11903442534171182,-0.6645980949884309,0.14925319503365062,0.04519464832936955
realized_volatility_1_year,8,45.07426174222543,negative,-0.06890356387205435,0.004434890051424167,0.710272001799191,0.10152496167695532,0.0731634390060929,-0.5971553854785479,0.4591361195003359,0.13465107935720977,0.2431403309715109,0.5200216201158125,0.11875231576405136,-0.5971553854785479,0.5265005186753553,0.38511331210395383
balance_bhutan_government,90,12820.499391357,positive,0.10060342980080529,0.05069215510307168,0.7565292668508385,0.32946403269961316,0.11029481084894788,-0.5600240136356929,0.6217174198740912,0.043785692555488254,0.15227494416978937,0.3342156833507141,0.11626006579497834,-0.5600240136356929,0.48419475712089144,0.4892650685895824
supply_balance_100_1k,90,3483212.375846166,positive,0.09551461248095633,0.010649077143077834,0.7164861888908447,0.14604176012899206,0.09795829612726692,-0.5723605283573738,0.5222167454444959,0.0946715728105969,0.20316082442489802,0.69423428309799,0.11576216165278963,-0.5723605283573738,0.3461041533094183,0.4473886614382318
active_more_1y_percent,93,0.6852568376867695,positive,0.010270371940809268,0.05439601843770059,0.7602331301854675,0.40369792724938436,0.009881100988839542,-0.6604377234958012,0.14012249859443401,0.13465107935721,0.2431403309715111,0.5200216201158132,0.11431191255372579,-0.6604377234958012,0.45116017535503483,0.23838273301479398
options_25delta_skew_1_week,20,-0.033117767980335416,negative,-0.023834415850776756,0.04799038868956673,0.7538275004373336,0.3545135301631218,0.10355114396316156,-0.5667676805214792,0.4457187886590455,0.045923841480883576,0.1544130930951847,0.29875998795381503,0.11382430433701303,-0.5667676805214792,0.251456088472215,0.2558842783556254
active_6m_12m,6,1426577.7338377053,negative,-0.11954703757488384,0.021403483952629587,0.7272405957003965,0.28119143714516653,0.14326166097049642,-0.5270571635141443,0.784469822076376,0.032389349953930946,0.14087860156823206,0.678125367906658,0.11368734458482806,-0.5270571635141443,0.3151223686419308,0.35094418736776367
cyd_account_based_supply_adjusted,5,185.94444575743407,negative,-0.01941681045318558,0.04139033057597574,0.7472274423237426,0.3229894319572899,0.014784424551933295,-0.6555343999327075,0.36142563214518475,0.13465107935721,0.2431403309715111,0.5200216201158125,0.11161112445418209,-0.6555343999327075,0.590458352872681,0.4921692391774653
block_interval_mean,20,540.6850000000002,negative,-0.010234433703608633,0.005444343887970549,0.7112814556357374,0.10870962631276852,0.07200876061922457,-0.5983100638654162,0.3339076889738768,0.11282811024385464,0.22131736185815576,0.6654328370009931,0.11142958454282566,-0.5983100638654162,0.0586150442798858,0.0378597042494274
revived_more_1y_sum,96,25787.489422169594,positive,0.08583652273236086,0.0028370286981724835,0.7086741404459393,0.2956673962283604,0.10866507004321102,-0.5616537544414297,0.9328902893833062,0.07862808534370136,0.18711733695800248,0.9391732311281553,0.11137924098750403,-0.5616537544414297,0.15936744579046092,0.11552855438736762
options_volume_put_call_ratio,8,0.4487656923830422,negative,-0.03871307968725928,0.006793946296777875,0.7126310580445447,0.15822628929543656,0.15547792575180353,-0.5148408987328372,0.7247385893261784,0.027465912274346582,0.1359551638886477,0.429038819081662,0.11124844106678507,-0.5148408987328372,0.2341545155742571,0.20850351991155697
transfers_from_miners_count,10,3653.3,negative,-0.13940997534486124,0.001136801913834029,0.7069739136616009,0.055054431841666585,0.11294060125479954,-0.5573782232298412,0.6528578596123412,0.07522097594613464,0.18371022756043576,0.7005889180137086,0.11110197266406514,-0.5573782232298412,0.5972930875858148,0.5799799051344929
transfers_to_miners_count,92,861.0,positive,0.010665792059301408,0.0018100796493822902,0.7076471913971492,0.06032305905307713,0.05199136459003184,-0.6183274598946089,0.36439833266148713,0.13505200549484786,0.24354125710914898,0.6633024011778644,0.11095366287056307,-0.6183274598946089,0.45492550459889214,0.4759125752358033
transfers_volume_miners_to_exchanges,9,108.76735520153271,negative,-0.005858524681986526,0.014499917311533883,0.7203370290593007,0.20714245494328748,0.14478482707840423,-0.5255339974062365,0.5145875331036708,0.026739650377901825,0.13522890199220294,0.3091971230066126,0.1100106445484224,-0.5255339974062365,0.1946571203688339,0.08269404718231084
balance_exchanges_all,9,85038.08778571419,negative,-0.1670450794145776,0.014592957503977377,0.7204300692517442,0.3461006255587202,0.0905792023403813,-0.5797396221442594,0.4405261186415543,0.07800300821893158,0.1864922598332327,0.4665207931228191,0.1090609023135725,-0.5797396221442594,0.3933280644858217,0.5579052240591668
block_count,85,163.0,positive,0.017874140958284088,0.02286992701081858,0.7287070387585854,0.23466257725039052,0.1116505984090086,-0.5586682260756322,0.42448666205555874,0.04781208637796164,0.15630133799226276,0.3521289612557872,0.10878005022507202,-0.5586682260756322,0.05939551419117337,0.044091895876090206
highly_liquid_sum,5,2092380.339795688,negative,-0.11676878208217623,0.0019263841256886849,0.7077634958734556,0.08596001197432897,0.1126344515675648,-0.557684372917076,0.555265982059485,0.06500908083552681,0.17349833244982793,0.687682910471688,0.10785915180206918,-0.557684372917076,0.3578006626575079,0.5049774349619558
svl_3y_5y,85,2651.881905709999,positive,0.060021239188484087,0.015730792869399934,0.7215679046171668,0.23988547280347042,0.02262056371456045,-0.6476982607700803,0.21470020440893928,0.1378171412958178,0.2463063929101189,1.1442376108102574,0.10672534558573514,-0.6476982607700803,0.4381220961240485,0.08120301879963848
highly_liquid_sum,6,2323816.555353419,negative,-0.11676878208217623,0.020623350787152495,0.7264604625349194,0.34556919870849667,0.06755335445610178,-0.602765470028539,0.3828204212747038,0.08680736325941729,0.1952966148737184,0.8670495511534589,0.10633053579336627,-0.602765470028539,0.3578006626575079,0.5049774349619558
msol,4,0.6187092592592592,negative,-0.030223429858092555,0.011767946069651591,0.7176050578174185,0.20621964856603686,0.004868062759731506,-0.6654507617249092,0.2648928931062673,0.15460747465508962,0.26309672626939073,0.6386633986593768,0.10508367412063331,-0.6654507617249092,0.31904479171436506,0.09998158458683491
transfers_between_exchanges_count,5,1707.2000000000005,negative,-0.07113469091287908,0.07365684352946134,0.7794939552772282,0.42050435236444134,0.002880785874795233,-0.6674380386098455,0.54163121880369,0.09431839212595983,0.20280764374026095,0.6423041992955574,0.1049545201358812,-0.6674380386098455,0.6592440686582814,0.4877578939073319
realized_volatility_6_months,8,43.622587374661634,negative,-0.03584439604805395,0.0055165712169220615,0.7113536829646889,0.12395488080267242,0.06892865328904563,-0.6013901711955951,0.5427025353270596,0.0963714534083262,0.20486070502262732,0.42720578420398064,0.10494140559724037,-0.6013901711955951,0.47160140432846603,0.3381252748163999
supply_balance_100_1k,92,3497813.006626609,positive,0.09551461248095633,0.004732583730749473,0.7105696954785163,0.0982747388126029,0.11609668857738464,-0.5542221359072561,0.6358434748771876,0.04978923065953178,0.1582784822738329,0.4926033538505502,0.10487534728169771,-0.5542221359072561,0.3461041533094183,0.4473886614382318
active_6m_12m,7,1454163.306283643,negative,-0.11954703757488384,0.009773060417469726,0.7156101721652366,0.14752501064915657,0.14630065484880195,-0.5240181696358388,0.7277193132518925,0.01380734874521461,0.12229660035951573,0.2362011274749664,0.1046295342963045,-0.5240181696358388,0.3151223686419308,0.35094418736776367
futures_volume_daily_perpetual_sum_all,94,363574.24368749314,positive,0.0745914822349427,0.01999716716933908,0.725834278917106,0.619252578458481,0.11452470546373816,-0.5557941190209026,0.8941359427965248,0.03383752254974737,0.1423267741640485,0.5046474252427811,0.10412231135341728,-0.5557941190209026,0.28734374607864205,0.2644329900617387
transfers_volume_miners_to_exchanges,10,110.9396191034492,negative,-0.005858524681986526,0.010125930368777736,0.7159630421165446,0.15311492220671688,0.13223484870222002,-0.5380839757824207,0.4827521533103126,0.023246008113835037,0.13173525972813616,0.2744529580158998,0.10320477535408668,-0.5380839757824207,0.1946571203688339,0.08269404718231084
balance_exchanges_relative,6,0.09153702344840081,negative,-0.14394389376440112,0.008306335125121578,0.7141434468728884,0.4470488913158464,0.11276052185536845,-0.5575583026292723,0.536598214218063,0.04164390460381728,0.1501331562181184,0.29507043103795005,0.10223943348724485,-0.5575583026292723,0.3524265170859457,0.5300985622080916
options_25delta_skew_1_week,9,-0.06853960758413254,negative,-0.023834415850776756,0.05037176534452059,0.7562088770922875,0.413737121651482,0.057596382291828174,-0.6127224421928126,0.33707581400681114,0.052373344698665836,0.16086259631296695,0.3756262626808966,0.10144967707081394,-0.6127224421928126,0.251456088472215,0.2558842783556254
revived_more_3y_sum,85,3796.157920953496,positive,0.05644844986976134,0.003790250702982112,0.709627362450749,0.09142835569099886,0.05171475304802975,-0.618604071436611,0.3800303154905536,0.10260365172532815,0.21109290333962927,0.9276032915283132,0.10070539811792241,-0.618604071436611,0.3513251076257733,0.07289620480107532
revived_more_1y_sum,97,30149.21499193146,positive,0.08583652273236086,0.0034727401351248854,0.7093098518828918,0.3664106886464904,0.08679838267635298,-0.5835204418082878,0.8012609700231417,0.0663950237658597,0.17488427538016083,0.9044368221141976,0.10022456181825494,-0.5835204418082878,0.15936744579046092,0.11552855438736762
futures_liquidated_volume_short_sum,92,2794.712097403169,positive,0.08502544238242243,0.03839674393922432,0.7442338556869912,0.6121035557128939,0.0014039918105543947,-0.6689148326740864,0.12026891396883857,0.11608008086212984,0.22456933247643096,1.739858217789776,0.09996278516311193,-0.6689148326740864,0.1283108840582717,0.1819706496935947
highly_liquid_sum,7,2364911.8857494243,negative,-0.11676878208217623,0.01068278695976077,0.7165198987075276,0.18021425941856323,0.05595132374719891,-0.6143675007374418,0.3368909597603021,0.08681219003348817,0.1953014416477893,0.8670932674561712,0.09915127987262502,-0.6143675007374418,0.3578006626575079,0.5049774349619558
futures_volume_daily_perpetual_sum_all,96,408037.6243355914,positive,0.0745914822349427,0.0002596464053128411,0.7060967581530797,0.04794057283225347,0.11873252984571092,-0.5515862946389298,0.9621778437096783,0.03376433656553135,0.14225358817983247,0.5539604705674032,0.09892135056466078,-0.5515862946389298,0.28734374607864205,0.2644329900617387
futures_volume_daily_perpetual_sum_all,95,379887.5123016713,positive,0.0745914822349427,0.018650675767959646,0.7244877875157265,0.597468104513662,0.11873252984571092,-0.5515862946389298,0.9621778437096783,0.013998212559632739,0.12248746417393386,0.23989987051510062,0.09846298568357685,-0.5515862946389298,0.28734374607864205,0.2644329900617387
balance_exchanges_relative,9,0.09953018295630685,negative,-0.14394389376440112,0.020469455183520724,0.7263065669312876,0.37640313655774316,0.04975432427267479,-0.620564500211966,0.3129270567474031,0.07835043474258696,0.18683968635688808,0.4107180078601011,0.09752725102540323,-0.620564500211966,0.3524265170859457,0.5300985622080916
futures_liquidated_volume_short_sum,93,3061.4538321907826,positive,0.08502544238242243,0.028465203897458435,0.7343023156452253,0.48751565209800407,0.0014039918105543947,-0.6689148326740864,0.12026891396883857,0.10662725028798548,0.2151165019022866,1.6264097057007143,0.09350132829114184,-0.6689148326740864,0.1283108840582717,0.1819706496935947
realized_loss_account_based,10,2778324.38626901,negative,-0.04167597626012861,0.003636979551350672,0.7094740912991175,0.085426138241397,0.11031869433453734,-0.5600001301501034,0.5257096700476023,0.022473241827203116,0.13096249344150424,0.2135830406407035,0.09347881819683945,-0.5600001301501034,0.4521778244221961,0.1997941784115133
balance_exchanges_all,8,83770.32755590811,negative,-0.1670450794145776,0.0019263841256886849,0.7077634958734556,0.08596001197432897,0.11224328751152557,-0.5580755369731152,0.5110449387191438,0.018953803338113584,0.1274430549524147,0.19207149049225053,0.09237700461758502,-0.5580755369731152,0.3933280644858217,0.5579052240591668
min_10k_count,85,115.0,positive,0.05733908848114953,0.025100566931301138,0.730937678679068,0.22458241059134373,0.050543656109258706,-0.619775168375382,0.34154066684649637,0.055813274915842204,0.16430252653014332,0.3279917792723838,0.09182167894460976,-0.619775168375382,0.3625662236072949,0.3332635487120302
exchanges_relative,9,0.058422697755518276,negative,-0.14053214942342432,0.0434801322515892,0.7493172439993561,0.32433941863567045,0.016785939270801187,-0.6535328852138396,0.23252354736068898,0.0647736652610369,0.173262916875338,0.3580897821011055,0.08968242522028484,-0.6535328852138396,0.6427587015665566,0.5540965382884799
balance_exchanges,8,1595636.8062555285,negative,-0.1334140507368331,0.014592957503977377,0.7204300692517442,0.3461006255587202,0.08735442872880128,-0.5829643957558395,0.43070828991375754,0.0216449950431985,0.13013424665749962,0.20617200184130294,0.08919997338446813,-0.5829643957558395,0.34382295124356066,0.5070452886250663
nodes_count,7,1519.3,negative,-0.006297533386864665,0.01488508182479853,0.7207221935725654,0.2857047719775048,0.010006371879115239,-0.6603124526055255,0.14654385370599848,0.09758715145850028,0.2060764030728014,1.1753215396420964,0.08882871467994709,-0.6603124526055255,0.16324583562262088,0.23975554044249112
balance_exchanges_relative,8,0.09662455897820899,negative,-0.14394389376440112,0.012631865114430374,0.7184689768621972,0.3009617567741266,0.06442135616720313,-0.6058974683174376,0.36421105506678253,0.04515495325244112,0.15364420486674224,0.29926813133370644,0.08873857113716728,-0.6058974683174376,0.3524265170859457,0.5300985622080916
futures_volume_daily_perpetual_sum_all,93,347387.0157661436,positive,0.0745914822349427,0.022327669165767006,0.7281647809135339,0.6779741474529007,0.028670960087807673,-0.6416478643968331,0.2663251678263565,0.06400181566045049,0.1724910672747516,0.8306356298690722,0.0863359945971508,-0.6416478643968331,0.28734374607864205,0.2644329900617387
dormancy_lth_account_based,93,1119.702510681347,positive,0.057623342358956164,0.002702244467368331,0.7085393562151352,0.08458213939673581,0.10338865691903054,-0.5669301675656102,1.1346741254851136,0.007020306471942961,0.11550955808624408,0.17322712684891423,0.08570624891192302,-0.5669301675656102,0.08540927914681712,0.08717001208174885
block_count,93,170.0,positive,0.017874140958284088,0.011117878484116828,0.7169549902318837,0.15225521521832,0.02564919574679747,-0.6446696287378433,0.2533463620017126,0.07328938863935042,0.18177864025365154,0.5404518122887905,0.08468800058256398,-0.6446696287378433,0.05939551419117337,0.044091895876090206
futures_liquidated_volume_short_sum,94,3444.1985790522835,positive,0.08502544238242243,0.0259657489911429,0.7318028607389098,0.4589342350999231,0.0014039918105543947,-0.6689148326740864,0.12026891396883857,0.07852786847533832,0.18701712008963944,1.3972046415155444,0.08330171605148762,-0.6689148326740864,0.1283108840582717,0.1819706496935947
transfers_from_exchanges_count,20,31869.8,negative,-0.01651194182931738,0.04111399172410524,0.7469511034718721,0.2859521847490904,0.0029591360518881338,-0.6673596884327526,0.1053220518261789,0.06029702163659456,0.16878627325089568,0.45367010650684597,0.08279256276333839,-0.6673596884327526,0.4696465767556867,0.44109366257481
options_25delta_skew_1_week,10,-0.06443406285291853,negative,-0.023834415850776756,0.05037176534452059,0.7562088770922875,0.413737121651482,0.042309153065279714,-0.628009671419361,0.28319316778839504,0.009788887517036216,0.11827813913133733,0.14584425841537213,0.08215911493475458,-0.628009671419361,0.251456088472215,0.2558842783556254
svl_3y_5y,90,3857.8221414820077,positive,0.060021239188484087,0.021640186958540086,0.727477298706307,0.3921265046041615,0.037231100767813885,-0.6330877237168269,0.33608026258908263,0.04291451317012651,0.15140376478442763,0.5358240576623798,0.08193111325796924,-0.6330877237168269,0.4381220961240485,0.08120301879963848
exchanges_relative,10,0.06108666136155199,negative,-0.14053214942342432,0.05382404590439793,0.7596611576521648,0.36336069718512226,0.017862396327842367,-0.6524564281567984,0.23323431086922103,0.029600259131091988,0.1380895107453931,0.24446210047864558,0.08176474674691984,-0.6524564281567984,0.6427587015665566,0.5540965382884799
block_interval_mean,10,515.6551075364063,negative,-0.010234433703608633,0.011087025056653266,0.7169241368044201,0.15029151393108486,0.0019279525431155076,-0.6683908719415252,0.09753030268770864,0.08758314998434558,0.1960724015986467,0.615775478433588,0.08153522215384719,-0.6683908719415252,0.0586150442798858,0.0378597042494274
transfers_between_exchanges_count,4,1354.92,negative,-0.07113469091287908,0.0456832145854007,0.7515203263331676,0.3146552359063461,0.002880785874795233,-0.6674380386098455,0.54163121880369,0.05053849148292899,0.1590277430972301,0.41356850494541914,0.08103667694018406,-0.6674380386098455,0.6592440686582814,0.4877578939073319
realized_loss_lth_to_exchanges_account_based,8,0.26889968509741446,negative,-0.019992957907428874,0.008455919950570268,0.7142930316983371,0.2144366439902081,0.0888626817621625,-0.5814561427224783,0.4534981520400487,0.0017743419583033937,0.11026359357260451,0.678125367906658,0.08103349418282113,-0.5814561427224783,0.29316427931677436,0.0650983002030977
transfers_volume_by_size_entity_adjusted_relative,85,0.16666666666667163,positive,0.0027178366122268976,0.041809302431906836,0.7476464141796737,0.46370966703316463,0.005549703133232775,-0.664769121351408,0.6837499864377208,0.049347202101059695,0.1578364537153608,1.2850985623933113,0.08023791551454218,-0.664769121351408,0.029280879111710362,0.010815451617167808
miners_outflow_multiple,93,2.6453634948907876,positive,0.06447343673324324,0.023231400934834,0.7290685126826009,0.5126297278668766,0.04137353091830609,-0.6289452935663347,0.31419822660737495,0.03185687628972467,0.14034612790402579,0.531133717702283,0.080156449006764,-0.6289452935663347,0.29724037994790575,0.1954935963082439
coin_blocks_created,10,2309288125.806596,negative,-0.02791510474639512,0.019781486210824095,0.725618597958591,0.22039957393494453,0.04383891247487792,-0.6264799120097628,0.6843194255654061,0.031195628132775655,0.13968487974707677,0.5442498792602473,0.0796078552319683,-0.6264799120097628,0.15995734532950992,0.20147622569448106
msol,10,0.727480324074074,negative,-0.030223429858092555,0.007911642946838882,0.7137487546946057,0.12652456499540315,0.0004622249129742073,-0.6698565995716665,0.032078123770902515,0.08590347164324563,0.19439272325754675,0.42095078281224824,0.07942829279349532,-0.6698565995716665,0.31904479171436506,0.09998158458683491
sopr_less_155,97,1.0732343625278198,positive,0.07361431983427054,0.0014627641541313796,0.7072998759018982,0.05449572807989971,0.03387856314539506,-0.6364402613392457,0.33528150288322056,0.05876225528819479,0.1672515069024959,0.3672274450203171,0.07937037382171615,-0.6364402613392457,0.16585963839843554,0.1455886422454994
miners_outflow_multiple,92,2.5528690591931693,positive,0.06447343673324324,0.00761791435544712,0.713455026103214,0.16761705834688256,0.033202091262517275,-0.6371167332221235,0.266794228918343,0.051850943206898537,0.16034019482119966,0.7774637134546805,0.07889282923409673,-0.6371167332221235,0.29724037994790575,0.1954935963082439
coin_blocks_created,6,2227220634.165923,negative,-0.02791510474639512,0.024056065841575158,0.729893177589342,0.37151776511648066,0.03855729241644701,-0.6317615320681937,0.6214326070541487,0.029654435357111986,0.1381436869714131,0.6781253679066579,0.07875844416418713,-0.6317615320681937,0.15995734532950992,0.20147622569448106
balance_exchanges_relative,7,0.0945715046604768,negative,-0.14394389376440112,0.014592957503977377,0.7204300692517442,0.3461006255587202,0.07307195589826576,-0.597246868586375,0.39637957151057635,0.004208628593219688,0.1126978802075208,0.13917220505614197,0.07862702695763002,-0.597246868586375,0.3524265170859457,0.5300985622080916
transfers_between_exchanges_count,7,2773.4800000000005,negative,-0.07113469091287908,0.011848753756864117,0.717685865504631,0.1719729442993691,0.01936287304591544,-0.6509559514387253,0.5334643745379902,0.058946989364486724,0.16743624097878784,0.3820666109343814,0.07805538501489784,-0.6509559514387253,0.6592440686582814,0.4877578939073319
futures_liquidated_volume_short_sum,91,2623.1973654180288,positive,0.08502544238242243,0.034370279912758095,0.740207391660525,0.5431798185076406,0.006476254484488075,-0.6638425700001527,0.4569818136422082,0.04667013916112617,0.15515939077542729,0.41036326440347937,0.07717473747859986,-0.6638425700001527,0.1283108840582717,0.1819706496935947
coin_blocks_destroyed,93,4459007376.571694,positive,0.06813626759921583,0.0007712178569769801,0.7066083296047438,0.039229802545805895,0.046785181118740304,-0.6235336433659004,0.5438017918137823,0.03876862302185269,0.1472578746361538,0.3987843293195428,0.07677752029166574,-0.6235336433659004,0.16660085572632338,0.08816634194346559
transfers_to_miners_count,91,840.0600000000004,positive,0.010665792059301408,0.002423574526365213,0.7082606862741321,0.07034767458361038,0.06898754314310884,-0.6013312813415319,0.42601134047752204,0.014419064982974295,0.12290831659727541,0.18043337596917797,0.07661257384329186,-0.6013312813415319,0.45492550459889214,0.4759125752358033
coin_blocks_created,7,2252357229.332574,negative,-0.02791510474639512,0.01806917637039862,0.7239062881181655,0.2629179757665162,0.03855729241644701,-0.6317615320681937,0.6214326070541487,0.02901187823671747,0.1375011298510186,0.663937671128144,0.07654862863366345,-0.6317615320681937,0.15995734532950992,0.20147622569448106
transfers_volume_lth_sth_to_exchanges_profit_loss_relative,94,0.25000000000000006,positive,0.01812739520181954,0.00657323119587927,0.7124103429436461,0.11488123953105288,0.00879731679381468,-0.6615215076908261,0.13646194974374656,0.06619559930069019,0.1746848509149913,0.6326100283273357,0.0751912287226038,-0.6615215076908261,0.03112123985967848,0.01966888501209344
transfers_volume_lth_sth_to_exchanges_profit_loss_relative,93,0.25000000000000006,positive,0.01812739520181954,0.00657323119587927,0.7124103429436461,0.11488123953105288,0.00879731679381468,-0.6615215076908261,0.13646194974374656,0.06619559930069019,0.1746848509149913,0.6326100283273357,0.0751912287226038,-0.6615215076908261,0.03112123985967848,0.01966888501209344
transfers_volume_lth_sth_to_exchanges_profit_loss_relative,91,0.25000000000000006,positive,0.01812739520181954,0.00657323119587927,0.7124103429436461,0.11488123953105288,0.00879731679381468,-0.6615215076908261,0.13646194974374656,0.06619559930069019,0.1746848509149913,0.6326100283273357,0.0751912287226038,-0.6615215076908261,0.03112123985967848,0.01966888501209344
transfers_volume_lth_sth_to_exchanges_profit_loss_relative,90,0.25000000000000006,positive,0.01812739520181954,0.00657323119587927,0.7124103429436461,0.11488123953105288,0.00879731679381468,-0.6615215076908261,0.13646194974374656,0.06619559930069019,0.1746848509149913,0.6326100283273357,0.0751912287226038,-0.6615215076908261,0.03112123985967848,0.01966888501209344
transfers_volume_lth_sth_to_exchanges_profit_loss_relative,85,0.25000000000000006,positive,0.01812739520181954,0.00657323119587927,0.7124103429436461,0.11488123953105288,0.00879731679381468,-0.6615215076908261,0.13646194974374656,0.06619559930069019,0.1746848509149913,0.6326100283273357,0.0751912287226038,-0.6615215076908261,0.03112123985967848,0.01966888501209344
transfers_volume_lth_sth_to_exchanges_profit_loss_relative,92,0.25000000000000006,positive,0.01812739520181954,0.00657323119587927,0.7124103429436461,0.11488123953105288,0.00879731679381468,-0.6615215076908261,0.13646194974374656,0.06619559930069019,0.1746848509149913,0.6326100283273357,0.0751912287226038,-0.6615215076908261,0.03112123985967848,0.01966888501209344
transfers_volume_lth_sth_to_exchanges_profit_loss_relative,80,0.25000000000000006,positive,0.01812739520181954,0.00657323119587927,0.7124103429436461,0.11488123953105288,0.00879731679381468,-0.6615215076908261,0.13646194974374656,0.06619559930069019,0.1746848509149913,0.6326100283273357,0.0751912287226038,-0.6615215076908261,0.03112123985967848,0.01966888501209344
futures_liquidated_volume_short_sum,90,2387.5508284414927,positive,0.08502544238242243,0.032574320019951086,0.738411431767718,0.5145764986015018,0.007427730359700568,-0.6628910941249402,0.5205552848990264,0.04070634499287773,0.14919559660717885,0.3675270353677995,0.0749053114166522,-0.6628910941249402,0.1283108840582717,0.1819706496935947
coin_blocks_created,8,2275780679.1176953,negative,-0.02791510474639512,0.0006033786609775937,0.7064404904087445,0.048681182874001715,0.044913286956547394,-0.6254055375280934,0.7069099004964938,0.03055231648203094,0.13904156809633206,0.6968083556741383,0.07335884032566105,-0.6254055375280934,0.15995734532950992,0.20147622569448106
balance_exchanges_relative,10,0.10088121365155288,negative,-0.14394389376440112,0.013939789006791825,0.7197769007545587,0.21514752214299954,0.04301108151381117,-0.6273077429708296,0.2896098340112963,0.016185068256589608,0.12467431987089073,0.19786666574932577,0.0723811592182066,-0.6273077429708296,0.3524265170859457,0.5300985622080916
realized_loss_sth_account_based,3,472670.67429815204,negative,-0.03917712005149468,0.012950076916114384,0.7187871886638812,0.1898388960709141,0.0446984497363927,-0.625620374748248,0.43511407619859843,0.014060219413938091,0.12254947102823921,0.17724768275868166,0.07190542831462414,-0.625620374748248,0.5142204791754493,0.20638854727634448
realized_supply_density_less_155,5,0.15143034290695434,negative,-0.1201792784794566,0.01658508673022374,0.7224221984779906,0.2877211516087007,0.051543245298018014,-0.6187755791866227,0.5911308096834565,0.0032767073119488455,0.11176595892624996,0.08096777043007453,0.07180419273920595,-0.6187755791866227,0.3682392355809383,0.324409186749092
sending_to_exchanges_count,8,41964.68,negative,-0.04027607615773633,0.034764427519565766,0.7406015392673326,0.2625756458312382,0.01382165136153568,-0.6564971731231051,0.3794231489406912,0.021901082765984237,0.13039033438028536,0.4616843644465671,0.07149823350817097,-0.6564971731231051,0.6066290175136658,0.5393665471235766
futures_open_interest_perpetual_sum_all,20,38316.197090052294,negative,-0.04070511860150678,0.01672855268639384,0.7225656644341607,0.1840190723413282,0.022187879447505,-0.6481309450371358,0.2094838889627857,0.03141156688935842,0.13990081850365954,0.5471841021575998,0.07144517930022816,-0.6481309450371358,0.27670970888286006,0.3329788632753589
sopr_by_pnl,93,3.1189929104846814,positive,0.01593494758666766,0.016623941895736127,0.722461053643503,0.4983576536128768,0.016851493483934554,-0.6534673310007062,0.18387366305000216,0.03139463632067607,0.1398838879349772,0.6831783391198473,0.06962587019259132,-0.6534673310007062,0.1251801526447977,0.16107713058743314
realized_supply_density_less_155,2,0.11775467264380357,negative,-0.1201792784794566,0.01248706263532151,0.7183241743830884,0.2767109992204053,0.03653823642201015,-0.6337805880626306,0.600097456750519,0.009707376739708229,0.11819662835400935,0.9644286497032573,0.06758007155815571,-0.6337805880626306,0.3682392355809383,0.324409186749092
realized_loss_sth_account_based,6,908571.6898039667,negative,-0.03917712005149468,0.0018013969784385075,0.7076385087262054,0.06716969470811177,0.009056645441172906,-0.6612621790434678,0.13533193774837093,0.04546909163606139,0.1539583432503625,0.2972673023781051,0.06677822431103335,-0.6612621790434678,0.5142204791754493,0.20638854727634448
cdd_lth_account_based,96,27411001.987675436,positive,0.08813935892770089,0.0028370286981724835,0.7086741404459393,0.2956673962283604,0.023997208556460592,-0.6463216159281802,0.4256378840939877,0.029137053555957637,0.13762630517025876,0.6984895289238283,0.06665960989600599,-0.6463216159281802,0.15135272678073025,0.10363239295063631
cdd_lth_account_based,97,30223631.73788572,positive,0.08813935892770089,0.0034727401351248854,0.7093098518828918,0.3664106886464904,0.019083082485092495,-0.6512357419995483,0.3808181004261613,0.029137053555957637,0.13762630517025876,0.6984895289238283,0.06523347168453408,-0.6512357419995483,0.15135272678073025,0.10363239295063631
block_count,96,175.0,positive,0.017874140958284088,0.008880242451874132,0.714717354199641,0.1358724611514548,0.006078413582097264,-0.6642404109025435,0.1244607804004121,0.036644960948629235,0.14513421256293035,0.32270362126893837,0.06520371862000929,-0.6642404109025435,0.05939551419117337,0.044091895876090206
svl_3y_5y,97,9964.942937248283,positive,0.060021239188484087,0.015482575347367522,0.7213196870951344,0.6375144484558897,0.03315058128809323,-0.6371682431965475,0.6952476514634238,7.32257340860798e-05,0.1085624773483872,0.014579140475228566,0.06423797374899136,-0.6371682431965475,0.4381220961240485,0.08120301879963848
realized_loss_account_based,9,2287325.8236325933,negative,-0.04167597626012861,0.0018013969784385075,0.7076385087262054,0.06716969470811177,0.01738870917618862,-0.6529301153084521,0.19179870006507918,0.02526412126625921,0.13375337288056033,0.22277312150488418,0.06282058876610452,-0.6529301153084521,0.4521778244221961,0.1997941784115133
transfers_volume_from_coinjoins_sum,5,76.39286800250001,negative,-0.008447413383003139,0.0083979220294077,0.7142350337771746,0.13311462525098533,0.029825577466561226,-0.6404932470180795,0.2869271870549743,0.003704690848117309,0.11219394246241843,0.11700574426365307,0.06197857640717116,-0.6404932470180795,0.44350322892851335,0.21541008640792958
asol_lth_account_based,91,644.5431366143381,positive,0.024377559274603944,0.0014153657943019038,0.7072524775420688,0.19607816087473898,0.037709191809517595,-0.6326096326751232,0.27350757283157756,0.0027193882151679283,0.11120863982946905,0.1768670060721468,0.061950494898804886,-0.6326096326751232,0.5162569221189154,0.4396207413063528
nodes_count,6,1486.4,negative,-0.006297533386864665,0.02295324174910962,0.7287903534968765,0.44152934825543616,0.010006371879115239,-0.6603124526055255,0.14654385370599918,0.008352828114553734,0.11684207972885485,0.2582615120233851,0.061773326873401944,-0.6603124526055255,0.16324583562262088,0.23975554044249112
asol_account_based,9,15.280042611360782,negative,-0.029280119030372944,0.011267768500703434,0.7171048802484703,0.14975904856561015,0.010791243794517014,-0.6595275806901237,0.748106111009168,0.017208756304011086,0.1256980079183122,0.678125367906658,0.061091769158886255,-0.6595275806901237,0.6136128770313175,0.48902375609641896
asol_account_based,10,15.652561335758351,negative,-0.029280119030372944,0.007487073860068749,0.7133241856078356,0.12609989755921003,0.010791243794517014,-0.6595275806901237,0.748106111009168,0.017208756304011086,0.1256980079183122,0.678125367906658,0.059831537612008025,-0.6595275806901237,0.6136128770313175,0.48902375609641896
miners_outflow_multiple,94,2.781157375783024,positive,0.06447343673324324,0.021205977018559752,0.7270430887663266,0.5132755822850743,0.003150600111516244,-0.6671682243731245,0.10367131975722496,0.010673998480482894,0.11916325009478401,0.24463802932238427,0.05967937149599537,-0.6671682243731245,0.29724037994790575,0.1954935963082439
sopr_by_pnl,94,3.240581025183125,positive,0.01593494758666766,0.0037109344416736967,0.7095480461894406,0.3217788912836126,0.02263189510383823,-0.6476869293808025,0.22017951090388133,0.008624458502993981,0.1171137101172951,0.2359662439318217,0.05965827564197771,-0.6476869293808025,0.1251801526447977,0.16107713058743314
asol_account_based,8,14.941243926201105,negative,-0.029280119030372944,0.00398936290900731,0.7098264746567742,0.10141755946812131,0.010791243794517014,-0.6595275806901237,0.748106111009168,0.017208756304011086,0.1256980079183122,0.678125367906658,0.058665633961654216,-0.6595275806901237,0.6136128770313175,0.48902375609641896
activity_retention_rate,9,0.1256494019075382,negative,-0.07892623967945023,0.02553316412050055,0.7313702758682674,0.23296381507091987,0.003900289676327384,-0.6664185348083134,0.5416312188036899,0.0014752285140171573,0.10996448012831828,0.1851802215625565,0.05830540706275744,-0.6664185348083134,0.6202315625742667,0.4692652014736989
sopr_by_pnl,92,3.03767439457642,positive,0.01593494758666766,0.00802339076654257,0.7138605025143094,0.23492732402720545,0.0048308100209291105,-0.6654880144637116,0.10932241436608037,0.014631605335445608,0.12312085694974673,0.2515264219012707,0.05716444833344817,-0.6654880144637116,0.1251801526447977,0.16107713058743314
sol_2y_3y,2,694.66,negative,-0.03494016752453694,0.0007518073468288922,0.7065889190945958,0.08690471593970459,0.015518424501375971,-0.6548003999832648,0.256572026352769,0.009970752391113002,0.11846000400541412,0.5372662474336154,0.0567495077055817,-0.6548003999832648,0.3565854586246896,0.1478630460490665
active_1d_1w,93,851689.2112001316,positive,0.13123908782507268,0.015528537456027669,0.7213656492037945,0.29441057578744634,0.00021037397984136064,-0.6701084505047994,0.046489976070435444,0.0027387888372445435,0.11122804045154566,0.07395287319179258,0.0541617463835136,-0.6701084505047994,0.13923696375084685,0.23122190058225064
svl_1m_3m,95,29024.595241181,positive,0.05766938835449259,0.0025996409191555436,0.7084367526669224,0.08959916330443049,0.0022486488838224794,-0.6680701756008183,0.07141942309167139,0.0008597544246786715,0.10934900603897979,0.051443053294823654,0.04990519436836131,-0.6680701756008183,0.14655936800060884,0.11548283903990218
